group,FPR,FNR,TPR,TNR
Married-civ-spouse,0.012345679012345678,0.8485477178423236,0.15145228215767634,0.9876543209876543
Never-married,0.003586800573888092,0.7941176470588235,0.20588235294117646,0.996413199426112
Divorced,0.010810810810810811,0.7878787878787878,0.21212121212121213,0.9891891891891892
Widowed,0.0,0.8,0.2,1.0
Separated,0.007142857142857143,0.6666666666666666,0.3333333333333333,0.9928571428571429
Married-spouse-absent,0.0,0.875,0.125,1.0
Married-AF-spouse,0.0,1.0,0.0,1.0
