group,FPR,FNR,TPR,TNR
Male,0.008579599618684462,0.8383733055265902,0.1616266944734098,0.9914204003813155
Female,0.006149116064565719,0.8502994011976048,0.1497005988023952,0.9938508839354343
