group,FPR,FNR,TPR,TNR
Male,0.10772163965681601,0.3753910323253389,0.6246089676746611,0.892278360343184
Female,0.026133743274404306,0.5089820359281437,0.49101796407185627,0.9738662567255957
