feature_group,importance
occupation,4.787395134893265
education,4.24469568000486
relationship,3.2580684760338223
marital.status,3.127665179390804
workclass,2.0667183438384056
native.country,1.4922162777390595
sex,1.417213499834089
race,1.4172134542390673
education.num,0.07546459349625896
hours.per.week,0.013726525047258933
age,0.004818709074312431
capital.loss,0.0006497763419125929
capital.gain,0.00031940018168262284
fnlwgt,8.479230072768006e-08
