group,FPR,FNR,TPR,TNR
Male,0.03765490943755958,0.7705943691345151,0.22940563086548488,0.9623450905624404
Female,0.027671022290545733,0.7425149700598802,0.25748502994011974,0.9723289777094543
