feature_group,importance
capital.loss,0.0005675742477379307
capital.gain,0.0003177593999178667
hours.per.week,8.0148608607009e-05
age,6.319698166276534e-05
education,2.0393674567477055e-05
education.num,1.3087897763968587e-05
relationship,8.813564427205242e-06
marital.status,8.759898027438235e-06
occupation,7.3080801641232535e-06
fnlwgt,6.207499457527901e-06
workclass,4.07668561204387e-06
native.country,3.2853189193911008e-06
race,3.0424848927676252e-06
sex,3.0424848927667926e-06
