group,FPR,FNR,TPR,TNR
Male,0.0328884652049571,0.8008342022940563,0.1991657977059437,0.9671115347950429
Female,0.02536510376633359,0.7844311377245509,0.2155688622754491,0.9746348962336664
