feature_group,importance
capital.gain,0.04159116022099446
native.country,0.0271381215469613
capital.loss,0.021701657458563516
education,0.01520441988950283
occupation,0.007513812154696164
marital.status,0.007071823204419925
workclass,0.006055248618784514
relationship,0.004972375690607711
race,0.0034254143646409102
sex,0.0010607734806629798
education.num,0.0007071823204419902
age,0.0005966850828729164
hours.per.week,0.0001546961325966878
fnlwgt,-0.0006850828729281888
