group,FPR,FNR,TPR,TNR
Male,0.07530981887511916,0.3753910323253389,0.6246089676746611,0.9246901811248809
Female,0.014604150653343582,0.47305389221556887,0.5269461077844312,0.9853958493466565
