feature_group,importance
marital.status,0.04596685082872942
capital.gain,0.043182320441989
education,0.03692817679558019
education.num,0.03622099447513818
age,0.015646408839779045
capital.loss,0.012685082872928233
occupation,0.009348066298342826
hours.per.week,0.0038895027624309964
workclass,0.0021215469613261153
fnlwgt,0.0020552486187845665
relationship,0.0015469613259669669
sex,0.0008839779005525572
native.country,0.00041988950276248275
race,-0.00015469613259664337
