model,accuracy,precision,recall,f1,auroc,dpd,eod,fprd,overall_ECE
reweigh,0.7838674033149171,0.6957671957671958,0.23357015985790408,0.3497340425531915,0.6158153296576101,0.043993594903018844,0.02807939907463486,0.009983887147013846,0.0798044511403692
expgrad,0.7754696132596685,0.6697530864197531,0.19271758436944939,0.2993103448275862,0.5806188686778109,0.036412388060100595,0.03386137006487547,0.011151867486255712,0.2245303867403315
cal_eq_odds,0.7838674033149171,0.8490566037735849,0.15985790408525755,0.26905829596412556,0.6190959936497884,0.03103298901257577,0.011926095671014603,0.0009360695629745831,0.007907061562261317
