model,accuracy,precision,recall,f1,auroc
fair_reg_logreg,0.7635359116022099,0.9516129032258065,0.052397868561278864,0.09932659932659933,0.5257576280140905
