group,ECE
Male,0.29931305201177627
Female,0.10354223433242507
