group,ECE
Husband,0.4424635332252836
Unmarried,0.05387931034482759
Own-child,0.011396011396011397
Wife,0.44545454545454544
Other-relative,0.016666666666666666
Not-in-family,0.09845890410958903
