group,ECE
Male,0.020490653893881435
Female,0.02247413703281537
