group,ECE
Male,0.029120052338894347
Female,0.01256811989100817
