group,ECE
White,0.018939081053175003
Asian-Pac-Islander,0.05425925925925927
Black,0.019611872146118724
Other,0.09333333333333332
Amer-Indian-Eskimo,0.10178571428571426
