group,ECE
Husband,0.030009939897863325
Unmarried,0.02206103918110324
Own-child,0.020226115396603437
Wife,0.0607255928333316
Other-relative,0.04248381120152902
Not-in-family,0.02525388541173898
