group,ECE
Husband,0.020459186207036958
Unmarried,0.018914209398841676
Own-child,0.008789891647676542
Wife,0.060792187440991734
Other-relative,0.05778794045466661
Not-in-family,0.0145623086938655
