group,ECE
Husband,0.05437871420853593
Unmarried,0.016961206896551728
Own-child,0.006346153846153846
Wife,0.04952272727272728
Other-relative,0.02654166666666667
Not-in-family,0.021053082191780814
