group,ECE
White,0.010523287716162958
Asian-Pac-Islander,0.10573037995854331
Black,0.02963575779630232
Other,0.16639962073822828
Amer-Indian-Eskimo,0.054057348664296005
