group,ECE
White,0.020328923217577077
Asian-Pac-Islander,0.09042820731098153
Black,0.04047520135331707
Other,0.09345638918292341
Amer-Indian-Eskimo,0.07731589925381017
