group,ECE
White,0.2483221476510067
Asian-Pac-Islander,0.34814814814814815
Black,0.11187214611872145
Other,0.027777777777777776
Amer-Indian-Eskimo,0.19047619047619047
