group,ECE
Male,0.01275827481196791
Female,0.018299195349181896
