group,FPR,FNR,TPR,TNR
Male,0.12011439466158245,0.34515119916579773,0.6548488008342023,0.8798856053384175
Female,0.022290545734050732,0.41916167664670656,0.5808383233532934,0.9777094542659492
