feature_group,importance
capital.gain,0.033657458563535914
age,0.011469613259668521
education.num,0.009171270718232072
marital.status,0.008707182320442031
capital.loss,0.0076685082872928415
hours.per.week,0.004176795580110515
relationship,0.0031160220994475903
native.country,-4.419889502761394e-05
fnlwgt,-0.0007734806629834168
education,-0.0012596685082871153
race,-0.0015690607734806794
sex,-0.0016353591160220724
occupation,-0.002519337016574418
workclass,-0.003292817679558013
