,EOD,ECE_overall,ECE_range,ECE_std
EOD,1.0,-0.27856842061422477,0.0989015541540073,-0.013294963017423932
ECE_overall,-0.27856842061422477,1.0,0.4203673237515507,0.49501198871677937
ECE_range,0.0989015541540073,0.4203673237515507,1.0,0.9750425411230856
ECE_std,-0.013294963017423932,0.49501198871677937,0.9750425411230856,1.0
