group,flip_rate
Male,0.03042198233562316
Female,0.007493188010899182
