group,flip_rate
Male,0.03467451750081779
Female,0.012942779291553134
