group,flip_rate
Male,0.05430160287863919
Female,0.01226158038147139
