group,flip_rate
Male,0.013084723585214262
Female,0.008174386920980926
