group,flip_rate
Male,0.061498200850507036
Female,0.02997275204359673
