protected_attr,flip_rate,score_shift,cf_gap
sex,0.01149171270718232,-5.957504718313296e-08,0.004910336664233336
