protected_attr,flip_rate,score_shift,cf_gap
sex,0.051270718232044196,-0.02049171270718232,0.03152544880691031
