protected_attr,flip_rate,score_shift,cf_gap
sex,0.027624309392265192,-0.00022099447513812155,0.021731738209264658
