protected_attr,flip_rate,score_shift,cf_gap
sex,0.02298342541436464,-0.016596039815263773,0.02292879432472398
