protected_attr,flip_rate,score_shift,cf_gap
sex,0.04066298342541436,-0.02109878755164919,0.042040022497167796
