group,ECE
White,0.01819644107620093
Asian-Pac-Islander,0.08309876678674986
Black,0.0982767994581421
Other,0.1837702370524509
Amer-Indian-Eskimo,0.06616261055762598
