group,ECE
Husband,0.1534147224984381
Unmarried,0.21725113551324368
Own-child,0.24491763220864063
Wife,0.16178044339914774
Other-relative,0.2245219448123614
Not-in-family,0.17834995184628064
