group,ECE
Male,0.06068312220820958
Female,0.11489688911455746
