group,ECE
Male,0.07768306048057332
Female,0.17212639728417461
