group,ECE
White,0.07533044536747156
Asian-Pac-Islander,0.049424692054215576
Black,0.145574214492228
Other,0.2146947888411426
Amer-Indian-Eskimo,0.16676016004650257
