group,ECE
White,0.20882808466701086
Asian-Pac-Islander,0.26666666666666666
Black,0.10273972602739725
Other,0.027777777777777776
Amer-Indian-Eskimo,0.19047619047619047
