group,ECE
Male,0.2512266928361138
Female,0.08923705722070845
