group,ECE
Husband,0.18845924720759127
Unmarried,0.16036935202672267
Own-child,0.19339264619564575
Wife,0.21508472250497365
Other-relative,0.1878679630824061
Not-in-family,0.12482274718778574
