group,ECE
Husband,0.3727714748784441
Unmarried,0.04741379310344828
Own-child,0.009971509971509971
Wife,0.39090909090909093
Other-relative,0.016666666666666666
Not-in-family,0.07876712328767123
