group,FPR,FNR,TPR,TNR
Male,0.0009532888465204957,0.954118873826903,0.045881126173096975,0.9990467111534795
Female,0.0007686395080707148,0.9101796407185628,0.08982035928143713,0.9992313604919293
