feature_group,importance
capital.gain,34630.688083171815
fnlwgt,3959.0008738858933
capital.loss,2055.7819897693425
age,102.12315161275879
hours.per.week,89.95434566378518
education,37.30919575619158
education.num,27.847207881422186
relationship,15.210384597167389
marital.status,15.121960403543014
occupation,9.712999100080314
sex,6.849876853123388
workclass,3.5493984748729606
race,2.0109577037864184
native.country,1.3102709231309642
